https://www.sccpre.cat/show/xbbmT_thumbs-up-emoji-transparent-ok-hand-emoji-yellow/,ok emoji png
https://www.sccpre.cat/show/ixxmbJo_vector-freeuse-stock-psd-official-psds-star-fish/,official psds
https://www.sccpre.cat/show/hmhoxi_transparent-tree-of-roots-tree-root-png/,roots png
https://www.sccpre.cat/show/hbmJmT_baseball-clipart-transparent-baseball-clipart/,baseball clipart
https://www.sccpre.cat/show/iwJxhi_butterfly-png-transparent-blue-butterfly-clipart-png/,butterfly clipart
https://www.sccpre.cat/show/iJowRb_triggered-sticker-a-wierd-human-being-triggered-transparent/,triggered meme transparent
https://www.sccpre.cat/show/JmxRhi_pumpkin-clipart-transparent-pumpkin-clipart-no-background/,pumpkin clipart
https://www.sccpre.cat/show/bRJRT_starethink-discord-emoji-transparent-thinking-emoji-png/,thinking emoji transparent
https://www.sccpre.cat/show/ioJRTi_joint-cannabis-blunt-smoking-weed-joint-transparent-background/,weed joint transparent
https://www.sccpre.cat/show/ioJRT_pogchamp-pogchamp-png/,pogchamp png
https://www.sccpre.cat/show/xJiTb_red-apple-fruits-png-transparent-images-clipart-icons/,apple clipart
https://www.sccpre.cat/show/TxRxoR_png-tumblr-cute/,tumblr png
https://www.sccpre.cat/show/xhohmm_free-vine-download-best-on-x-ivy-transparent/,vines png
https://www.sccpre.cat/show/TTohTh_transparent-troll-face-png-download-troll-face-png/,troll face transparent
https://www.sccpre.cat/show/iwoom_icons8-flat-checkmark-check-mark-thin-green/,check mark png
https://www.sccpre.cat/show/ioxmmhT_psd-official-psds-tree-leaves-hanging/,official psds
https://www.sccpre.cat/show/hhJwT_polaroid-png-polaroid-template-frame-template-polaroid-picture/,polaroid png
https://www.sccpre.cat/show/Tiwhib_discord-emoji-png-noose-thinking-emoji-discord-funnypictures/,thinking emoji discord
https://www.sccpre.cat/show/JxxhiT_woman-more-people-png-cut-out-people-people/,people png
https://www.sccpre.cat/show/wJwhRR_fire-clipart-free-fire-clip-art-free-download/,fire clipart
https://www.sccpre.cat/show/oxbiTo_one-punch-man-episode-1-english-dub-one/,one punch man episode 1 english dub
https://www.sccpre.cat/show/iwmhR_xbox-one-logo-png-small-xbox-one-symbol/,xbox logo
https://www.sccpre.cat/show/TRwTJx_infinity-war-thanos-png/,thanos png
https://www.sccpre.cat/show/mmbwJ_soviet-hat-png-transparent-background-russian-ushanka-transparent/,russian hat transparent
https://www.sccpre.cat/show/hwiJbR_fireworks-transparent-background-fireworks-clipart/,fireworks clipart
https://www.sccpre.cat/show/iRbwohT_may-2017-printable-calendar-template-2018-2019-april/,may 2017 printable calendar
https://www.sccpre.cat/show/TTxTix_fake-money-template-realistic-play-money-templates-lucky/,play money template
https://www.sccpre.cat/show/iTiibim_santa-hat-clipart-clothes-christmas-hat-png-flat/,santa hat png
https://www.sccpre.cat/show/JwxbJT_particles-png-file-transparent-dust-particles-png/,dust png
https://www.sccpre.cat/show/iTJbmJ_arrow-transparent-white-transparent-background-curved-arrow-vector/,curved arrow png
https://www.sccpre.cat/show/iJimJ_red-paint-splatter-red-color-splash-png/,splash png
https://www.sccpre.cat/show/ThJoRo_tree-plan-png-tree-psd-trees-top-view/,tree plan png
https://www.sccpre.cat/show/ixmJxJJ_parappa-the-rapper/,parappa the rapper png
https://www.sccpre.cat/show/TTixTJ_image-transparent-hand-gun-png/,gun png
https://www.sccpre.cat/show/ihRwhxw_logan-paul-face-transparent-official/,jake paul face png
https://www.sccpre.cat/show/TxThoo_flare-lens-clipart-png-red-glow-red-light/,flare png
https://www.sccpre.cat/show/imRbR_hd-marvel-cinematic-universe-movie-logos-avengers-infinity/,avengers infinity war logo
https://www.sccpre.cat/show/biTib_png-image-with-transparent-background-png-kappa-emote/,kappa transparent background
https://www.sccpre.cat/show/TRiTxm_smash-custom-music-super-smash-bros-legacy-xp/,smash custom music
https://www.sccpre.cat/show/iJooix_triggered-background/,triggered png
https://www.sccpre.cat/show/hhJxbR_thinking-emoji-transparent-background-discord-emoji-no-background/,thinking emoji transparent
https://www.sccpre.cat/show/xRRbmw_anchor-png-image-big-anchor/,anchor png
https://www.sccpre.cat/show/hobxmo_goku-super-saiyan-hair-png/,super saiyan hair png
https://www.sccpre.cat/show/ihRxTb_thanos-gauntlet-clipart-with-a-transparent-background/,thanos png
https://www.sccpre.cat/show/hwJxbh_tom-clancys-rainbow-six-siege-logo/,rainbow six siege png
https://www.sccpre.cat/show/hbiibmo_aku-png-aku-transparent/,aku png
https://www.sccpre.cat/show/iThbim_bolt-png-transparent-lightning-bolt-png/,lightning bolt png
https://www.sccpre.cat/show/ihRooox_danganronpa-maki-window-tsumugi-shirogane-rule-34/,danganronpa rule 34
https://www.sccpre.cat/show/xJihhT_arrow-clipart-cute-cartoon-pencil-and-in-color/,arrow clipart
https://www.sccpre.cat/show/ioxJobw_waluigi-sticker-waluigi-face-transparent/,waluigi transparent
https://www.sccpre.cat/show/TRJowb_joy-android-crying-laughing-emoji/,laughing emoji png
https://www.sccpre.cat/show/obwxRT_transparent-iphone-message-bubble-png/,text bubble png
https://www.sccpre.cat/show/Thbwwx_morty-smith-rick-and-morty-png-transparent/,rick and morty png
https://www.sccpre.cat/show/wmbTJR_ok-hand-sign-ok-hand-emoji/,ok emoji png
https://www.sccpre.cat/show/JwhTio_weather-cloud-lightning-png-image-thunder-and-lighting/,lightning png
https://www.sccpre.cat/show/iixbo_check-mark-transparent-yellow-checkmark-at-vector-clipart/,checkmark png
https://www.sccpre.cat/show/ixiRxTR_ugandan-knuckles-ugandan-knuckles-know-your-meme-png/,ugandan knuckles png
https://www.sccpre.cat/show/xwJRwo_game-of-thrones-dragon-png-image-with-transparent/,dragon png
https://www.sccpre.cat/show/JmbTbR_vector-transparent-download-cracks-transparent-ground-crack-in/,cracks png
https://www.sccpre.cat/show/ibbiJhR_super-saiyan-goku-png-goku-super-saiyan/,goku png
https://www.sccpre.cat/show/xhJJwi_fire-emoji-transparent-background-transparent-fire-emoji-png/,fire emoji transparent
https://www.sccpre.cat/show/mwiJR_png-speech-bubble-no-background-transparent-background-chat/,transparent speech bubble
https://www.sccpre.cat/show/TbRww_arrow-left-arrow-transparent-background/,arrow transparent
https://www.sccpre.cat/show/hbxJxm_hand-gun-gun-in-hand-transparent/,hand with gun transparent
https://www.sccpre.cat/show/ohTTh_fire-flame-download-png-image-fire-and-flame/,flame png
https://www.sccpre.cat/show/mxmxTm_smoking-blunt-png-download-cannabis/,blunt png
https://www.sccpre.cat/show/oRwib_clipart-beating-heart-emoji-emojis-png-heart-red/,heart emoji png
https://www.sccpre.cat/show/JwoTxT_smug-full-png-stickpng-pepe-the-frog/,pepe png
https://www.sccpre.cat/show/xJ_people-sitting-people-sitting-png/,person sitting png
https://www.sccpre.cat/show/mxhmx_kermit-hearts-trendy-frog-green-emoji-scaredkermit-kermit/,kermit hearts
https://www.sccpre.cat/show/JRJioT_gafas-deal-with-it-png-thug-life-glasses/,deal with it glasses png
https://www.sccpre.cat/show/imxbimb_base78-waving-chibi-by-super-pixels-anime-girl/,chibi waving
https://www.sccpre.cat/show/TxoiJh_download-thought-bubble-png-hd-speech-bubble-thinking/,thought bubble png
https://www.sccpre.cat/show/boJmib_free-anime-boy-base-sitting-chibi-base-sitting/,anime chibi base
https://www.sccpre.cat/show/ioRiRT_smile-mouth-png-transparent-background-mouth-png/,mouth png
https://www.sccpre.cat/show/hixRo_mobile-phone-icon-vector-png-black-and-white/,phone clipart
https://www.sccpre.cat/show/iTxoomR_parental-advisory-explicit-content-hd-transparent-parental-advisory/,explicit content png
https://www.sccpre.cat/show/oxTmio_sleeping-beauty-castle-cinderella-castle-magic-kingdom-disney/,disney castle png
https://www.sccpre.cat/show/JmibTm_vector-tear-teardrop-tear-drop-shape/,teardrop png
https://www.sccpre.cat/show/iRooom_emojis-http-i-imgur-com-zql9zsw-overwatch-emoji/,overwatch emoji
https://www.sccpre.cat/show/ThJoiR_moana-png-moana-baby-png/,moana png
https://www.sccpre.cat/show/hwwhxJ_blunt-clipart-transparent-background/,blunt png
https://www.sccpre.cat/show/wiRomb_jake-paul-transparent-background-best-pictures-of-jake/,jake paul png
https://www.sccpre.cat/show/TJomR_snapchat-logo-png-snapchat-logo-transparent/,snapchat logo transparent
https://www.sccpre.cat/show/iohJxo_red-burst-png-transparent-background-burst-of-light/,burst png
https://www.sccpre.cat/show/iJTox_snapchat-png-transparent-snapchat-dog-filter-tongue/,snapchat dog filter png
https://www.sccpre.cat/show/hoTho_flower-png-aesthetic-kayaflower-co-transparent-aesthetic-tumblr/,tumblr transparent aesthetic
https://www.sccpre.cat/show/mhJi_blood-png-image-blood-trail-texture-png/,blood png
https://www.sccpre.cat/show/Thixho_awesome-lens-flare-png-meme-4-png/,lens flare meme
https://www.sccpre.cat/show/JTJoom_meme-glasses-png-mlg-glasses-transparent/,mlg glasses png
https://www.sccpre.cat/show/hbThxT_vector-black-and-white-library-vector-eps-download/,palm tree clip art
https://www.sccpre.cat/show/ioxhThR_transparent-background-shrek-png/,shrek transparent
https://www.sccpre.cat/show/bTTbmw_smiley-face-meme-png-emoji-with-glasses-and/,emoji with sunglasses meme
https://www.sccpre.cat/show/TiJbJT_american-flag-no-background/,american flag png
https://www.sccpre.cat/show/iixRbw_9-transparent-twitter-logo-icon-images-bird-twitter/,twitter icon transparent
https://www.sccpre.cat/show/ixiRRoh_ssb-vegeta-png/,vegeta png
https://www.sccpre.cat/show/bRhbhT_download-transparent-png-transparent-background-flames-png/,flames png
https://www.sccpre.cat/show/mmoxTh_hibiscus-png-clip-pink-hibiscus-clip-art/,hibiscus png
https://www.sccpre.cat/show/bbRxJJ_red-arrow-transparent-background-red-arrows-with-transparent/,red arrow transparent
https://www.sccpre.cat/show/JJiRwx_three-little-pigs-clipart-cartoon-pig-clipart/,pig clipart
https://www.sccpre.cat/show/TRomoi_blood-splatter-transparent-png-pictures-blood-splatter-gif/,blood splatter transparent
https://www.sccpre.cat/show/JbmbbR_twitch-logo-png-transparent-background-black-twitch-logo/,twitch logo transparent
https://www.sccpre.cat/show/TmTbb_dab-emoji-png-dab-emoji-transparent-background/,dab emoji png
https://www.sccpre.cat/show/JbmJJT_overwatch-logo-no-background/,overwatch logo png
https://www.sccpre.cat/show/hwRxR_immediate-entourage-people-walking-clear-background/,immediate entourage
https://www.sccpre.cat/show/ixhTwoT_thinking-eggplant-sucking-eggplant-emoji-gif/,thinking emoji gif
https://www.sccpre.cat/show/hRoobT_roblox-transparent-shirt-template-shading-roblox-shirt-shading/,roblox shading template
https://www.sccpre.cat/show/ixxxhTo_darth-vader/,darth vader png
https://www.sccpre.cat/show/hRJww_trump-face-transparent-background/,trump transparent background
https://www.sccpre.cat/show/JhiJiw_image-with-transparent-background-green-dollar-sign-png/,dollar sign png
https://www.sccpre.cat/show/imbJRwh_star-wars-theme-song-flute-notes-mask-off/,mask off flute notes
https://www.sccpre.cat/show/ibxhwi_tacos-clipart-smile-transparent-taco/,taco clipart
https://www.sccpre.cat/show/TxmTTR_troll-face-transparent/,troll face transparent
https://www.sccpre.cat/show/Toihih_donald-trump-head-png/,trump head png